City_ID,City,Lat,Lng,Max Temp,Humidity,Cloudiness,Wind Speed,Country,Date
0,Punta Arenas,-53.15,-70.9167,48.2,61,0,16.11,CL,1/30/2021
1,Hobart,-42.8794,147.3294,77,53,75,13.8,AU,1/30/2021
2,Kālol,22.6,73.45,59,82,0,4.61,IN,1/30/2021
3,Asău,46.4333,26.4,34,74,100,1.32,RO,1/30/2021
4,Faanui,-16.4833,-151.75,81.64,64,3,4.07,PF,1/30/2021
5,Hilo,19.7297,-155.09,78.8,57,75,11.5,US,1/30/2021
6,Saint-Philippe,-21.3585,55.7679,78.8,65,0,6.91,RE,1/30/2021
7,Praia da Vitória,38.7333,-27.0667,57.99,94,75,15.77,PT,1/30/2021
8,Busselton,-33.65,115.3333,64,73,100,7,AU,1/30/2021
9,Nikolskoye,59.7035,30.7861,10,78,75,11.18,RU,1/30/2021
10,Namatanai,-3.6667,152.4333,82.83,70,96,4.79,PG,1/30/2021
11,Pangnirtung,66.1451,-65.7125,24.3,92,100,4.9,CA,1/30/2021
12,Pevek,69.7008,170.3133,-17.07,86,2,0.83,RU,1/30/2021
13,Jamestown,42.097,-79.2353,23,68,90,17.27,US,1/30/2021
14,Karla,59.3723,24.9275,12,79,75,9.22,EE,1/30/2021
15,Atuona,-9.8,-139.0333,79.45,81,40,17.83,PF,1/30/2021
16,Ushuaia,-54.8,-68.3,46.4,76,75,26.46,AR,1/30/2021
17,Makakilo City,21.3469,-158.0858,77,50,1,17.27,US,1/30/2021
18,Rikitea,-23.1203,-134.9692,78.76,70,11,12.75,PF,1/30/2021
19,Geraldton,-28.7667,114.6,64.4,77,90,23.02,AU,1/30/2021
20,Castro,-24.7911,-50.0119,60.55,58,0,3.33,BR,1/30/2021
21,Avarua,-21.2078,-159.775,86,70,20,12.66,CK,1/30/2021
22,Bagotville,-28.9833,153.4167,80.6,61,9,5.75,AU,1/30/2021
23,Aleysk,52.4926,82.7822,25.14,98,88,9.75,RU,1/30/2021
24,Gamba,-2.65,10,78.44,87,100,5.1,GA,1/30/2021
25,Khani,41.9563,42.9566,46.4,87,75,6.91,GE,1/30/2021
26,Hasaki,35.7333,140.8333,50,61,20,3.44,JP,1/30/2021
27,Albany,42.6001,-73.9662,37,70,9,5.97,US,1/30/2021
28,Tuktoyaktuk,69.4541,-133.0374,-31,75,75,10.36,CA,1/30/2021
29,Donskoye,45.4552,41.9741,26.6,86,0,22.37,RU,1/30/2021
30,Imbituba,-28.24,-48.6703,73.4,68,75,14.97,BR,1/30/2021
31,Syracuse,37.0881,15.2792,61,81,0,8.05,IT,1/30/2021
32,Puerto Ayora,-0.7393,-90.3518,77,94,77,7,EC,1/30/2021
33,Hithadhoo,-0.6,73.0833,81.79,80,100,15.14,MV,1/30/2021
34,Valparaíso,-33.0393,-71.6273,60.8,88,75,5.75,CL,1/30/2021
35,College,64.8569,-147.8028,-2.2,71,75,3.44,US,1/30/2021
36,Osmeña,10.5208,119.9258,80.87,81,100,17.63,PH,1/30/2021
37,Plettenberg Bay,-34.0527,23.3716,67.46,90,0,5.14,ZA,1/30/2021
38,San Miguel de Cozumel,20.5083,-86.9458,75.2,83,20,5.75,MX,1/30/2021
39,East London,-33.0153,27.9116,73.63,89,97,10.13,ZA,1/30/2021
40,Guerrero Negro,27.9769,-114.0611,62.2,58,0,17.63,MX,1/30/2021
41,Vila Velha,-20.3297,-40.2925,82.4,74,75,10.36,BR,1/30/2021
42,Arraial do Cabo,-22.9661,-42.0278,75.54,94,100,9.42,BR,1/30/2021
43,Fortuna,40.5982,-124.1573,51.01,93,90,12.66,US,1/30/2021
44,Nariño,5.6089,-75.1766,60.8,82,40,3.44,CO,1/30/2021
45,Yellowknife,62.456,-114.3525,-31,68,90,10.36,CA,1/30/2021
46,Ribeira Grande,38.5167,-28.7,59.2,84,100,12.73,PT,1/30/2021
47,Samarai,-10.6167,150.6667,85.1,70,0,6.73,PG,1/30/2021
48,Cidreira,-30.1811,-50.2056,67.32,73,0,14.18,BR,1/30/2021
49,Ortigueira,-24.2083,-50.9494,61.77,89,0,2.19,BR,1/30/2021
50,Bambous Virieux,-20.3428,57.7575,77,88,75,6.91,MU,1/30/2021
51,Neiafu,-18.65,-173.9833,80.6,89,75,10.36,TO,1/30/2021
52,Ponta do Sol,32.6667,-17.1,51.01,69,52,3,PT,1/30/2021
53,Maués,-3.3836,-57.7186,80.1,69,94,2.28,BR,1/30/2021
54,Atar,20.5169,-13.0499,58.95,55,99,11.72,MR,1/30/2021
55,Mataura,-46.1927,168.8643,75.88,48,38,3.47,NZ,1/30/2021
56,Codrington,-38.2667,141.9667,65.3,64,0,16.62,AU,1/30/2021
57,Honningsvåg,70.9821,25.9704,29.07,88,100,22.93,NO,1/30/2021
58,Kutum,14.2,24.6667,46.94,51,99,9.71,SD,1/30/2021
59,Kapaa,22.0752,-159.319,71.6,56,1,5.75,US,1/30/2021
60,Chokurdakh,70.6333,147.9167,-19.62,86,0,11.65,RU,1/30/2021
61,Oranjemund,-28.55,16.4333,61.75,92,7,8.37,NA,1/30/2021
62,Bathsheba,13.2167,-59.5167,78.8,57,20,18.41,BB,1/30/2021
63,Kieta,-6.2167,155.6333,87.26,60,0,8.41,PG,1/30/2021
64,Bubaque,11.2833,-15.8333,79,57,100,16.35,GW,1/30/2021
65,Guarapuava,-25.3953,-51.4581,55,88,0,2.39,BR,1/30/2021
66,Ponta Porã,-22.5361,-55.7256,63.05,89,0,2.24,BR,1/30/2021
67,Cayenne,4.9333,-52.3333,78.8,89,75,9.22,GF,1/30/2021
68,Abu Kamal,34.4506,40.9171,52.9,83,17,13.47,SY,1/30/2021
69,Cape Town,-33.9258,18.4232,69.01,88,0,17.27,ZA,1/30/2021
70,Charters Towers,-20.1,146.2667,85.24,60,92,11.48,AU,1/30/2021
71,Morondava,-20.2833,44.2833,81.14,82,90,6.22,MG,1/30/2021
72,Tigil',57.8,158.6667,1.54,89,100,2.48,RU,1/30/2021
73,Vanimo,-2.6741,141.3028,81.21,74,84,5.12,PG,1/30/2021
74,New Norfolk,-42.7826,147.0587,75.99,75,1,1.99,AU,1/30/2021
75,Simbahan,6.3032,120.5836,81.27,79,100,7.65,PH,1/30/2021
76,Carnarvon,-24.8667,113.6333,80.6,100,90,20.71,AU,1/30/2021
77,Esim,4.8699,-2.2405,79.66,87,100,6.85,GH,1/30/2021
78,Tiksi,71.6872,128.8694,-22.76,87,100,6.62,RU,1/30/2021
79,Port-Gentil,-0.7193,8.7815,81.91,83,79,9.82,GA,1/30/2021
80,Vaini,-21.2,-175.2,84.2,89,75,4.61,TO,1/30/2021
81,Maun,-19.9833,23.4167,69.8,100,40,4.61,BW,1/30/2021
82,Saint Paul Harbor,57.79,-152.4072,39.2,65,40,12.66,US,1/30/2021
83,Kruisfontein,-34.0033,24.7314,71.01,86,81,3,ZA,1/30/2021
84,Kampot,10.6167,104.1833,75.2,94,20,1.14,KH,1/30/2021
85,Mossamedes,-15.1961,12.1522,70.65,80,86,6.55,AO,1/30/2021
86,Rawson,-43.3002,-65.1023,63.52,64,0,25.34,AR,1/30/2021
87,Port Elizabeth,-33.918,25.5701,71.6,88,90,6.91,ZA,1/30/2021
88,Rāmhormoz,31.28,49.6035,64.47,37,93,5.03,IR,1/30/2021
89,Ngunguru,-35.6167,174.5,67.75,69,100,12.57,NZ,1/30/2021
90,Lompoc,34.6391,-120.4579,61,51,1,11.5,US,1/30/2021
91,Río Gallegos,-51.6226,-69.2181,57.2,33,20,19.57,AR,1/30/2021
92,Ixtapa,20.7,-105.2,73.4,78,1,3.44,MX,1/30/2021
93,Bluff,-46.6,168.3333,60.35,71,33,2.04,NZ,1/30/2021
94,Conceição do Araguaia,-8.2578,-49.2647,76.01,91,100,3.47,BR,1/30/2021
95,Burns Lake,54.2331,-125.7533,28.4,80,100,2.77,CA,1/30/2021
96,Omboué,-1.5746,9.2618,78.87,89,100,3.76,GA,1/30/2021
97,Dikson,73.5069,80.5464,-30.66,84,6,11.27,RU,1/30/2021
98,Kudat,6.8837,116.8477,78.8,94,40,1.14,MY,1/30/2021
99,Beloha,-25.1667,45.05,75.36,89,100,3.85,MG,1/30/2021
100,Anloga,5.7947,0.8973,84.2,84,40,10.36,GH,1/30/2021
101,Laas,46.6166,10.7002,41,93,20,4.61,IT,1/30/2021
102,Rome,43.2128,-75.4557,30.99,86,90,10.36,US,1/30/2021
103,Kawalu,-7.3817,108.2082,78.26,78,3,3.76,ID,1/30/2021
104,Saint George,37.1041,-113.5841,55.4,24,1,16.11,US,1/30/2021
105,Panjāb,34.388,67.0233,13.46,50,2,3.56,AF,1/30/2021
106,Talnakh,69.4865,88.3972,-27.56,83,51,4.56,RU,1/30/2021
107,Upata,8.0086,-62.3989,71.91,82,18,6.38,VE,1/30/2021
108,Konya Province,38.1667,32.5,32,86,0,4.61,TR,1/30/2021
109,Rio Verde de Mato Grosso,-18.9181,-54.8442,73.22,75,47,4.52,BR,1/30/2021
110,Kimbe,-5.5502,150.1429,83.88,75,22,4.99,PG,1/30/2021
111,Acajutla,13.5928,-89.8275,82.4,47,0,2.3,SV,1/30/2021
112,Port Augusta,-32.5,137.7667,71.6,56,90,16.11,AU,1/30/2021
113,Hermanus,-34.4187,19.2345,66.99,88,4,1.99,ZA,1/30/2021
114,Brae,60.3964,-1.353,33.8,64,90,23.02,GB,1/30/2021
115,Qaanaaq,77.484,-69.3632,-2.78,79,100,7.27,GL,1/30/2021
116,Baykit,61.67,96.37,-6.77,87,90,1.92,RU,1/30/2021
117,Antigonish,45.6169,-61.9986,33.01,92,83,5.5,CA,1/30/2021
118,Pemangkat,1.1667,108.9667,78.01,87,100,9.42,ID,1/30/2021
119,Lao Cai,22.4833,103.95,66.45,75,85,1.03,VN,1/30/2021
120,Gadsden,34.0143,-86.0066,41,70,1,0.87,US,1/30/2021
121,Geraardsbergen,50.7804,3.907,43,95,100,3.56,BE,1/30/2021
122,Saskylakh,71.9167,114.0833,-31.31,83,78,5.37,RU,1/30/2021
123,Rumoi,43.9344,141.6428,33.04,94,100,6.71,JP,1/30/2021
124,Clyde River,70.4692,-68.5914,-14.8,76,90,10.36,CA,1/30/2021
125,Ingham,42.6,-84.3833,17.6,67,90,13.8,US,1/30/2021
126,Semnan,35.5729,53.3971,49.46,55,100,0.85,IR,1/30/2021
127,Hailar,49.2,119.7,-9.38,86,0,2.48,CN,1/30/2021
128,Elliot,-31.3333,27.85,61.48,94,79,1.57,ZA,1/30/2021
129,Warrington,53.3925,-2.5802,44.01,93,90,3.44,GB,1/30/2021
130,Vanino,49.0869,140.2543,-1.44,81,76,3.47,RU,1/30/2021
131,Nizhnedevitsk,51.5419,38.3657,10.4,85,75,11.18,RU,1/30/2021
132,Tecalitlán,19.4667,-103.3,69.8,83,40,4.45,MX,1/30/2021
133,Esperance,-33.8667,121.9,62.6,88,90,10.36,AU,1/30/2021
134,Chaupimarca,-10.4333,-76.5333,39.18,100,94,4,PE,1/30/2021
135,La Ronge,55.1001,-105.2842,-20.2,69,73,11.5,CA,1/30/2021
136,Hohhot,40.8106,111.6522,12.2,73,0,4.47,CN,1/30/2021
137,Bac Lieu,9.285,105.7244,78.3,73,97,17.69,VN,1/30/2021
138,Lebu,-37.6167,-73.65,57.87,92,11,3.69,CL,1/30/2021
139,Leningradskiy,69.3833,178.4167,-9.06,87,100,8.14,RU,1/30/2021
140,Port Alfred,-33.5906,26.891,69.01,93,100,14.92,ZA,1/30/2021
141,Don Luan,11.5333,106.9167,74.86,70,95,3.89,VN,1/30/2021
142,Berlevåg,70.8578,29.0864,26.82,92,100,21.61,NO,1/30/2021
143,Koulikoro,14,-7.75,75.31,17,100,6.91,ML,1/30/2021
144,Norman Wells,65.282,-126.8329,-29.2,68,20,4.61,CA,1/30/2021
145,Muisne,0.6,-80.0333,77.72,89,86,6.04,EC,1/30/2021
146,Zhigansk,66.7697,123.3711,-42.66,75,73,4.16,RU,1/30/2021
147,Nanortalik,60.1432,-45.2371,20.21,73,0,3.69,GL,1/30/2021
148,Constitución,-35.3333,-72.4167,56.95,90,0,0.45,CL,1/30/2021
149,Camacha,33.0833,-16.3333,57.2,67,40,17.27,PT,1/30/2021
150,Ancud,-41.8697,-73.8203,69.8,56,0,9.22,CL,1/30/2021
151,Alta Floresta,-9.8756,-56.0861,75.27,91,100,2.17,BR,1/30/2021
152,Port Hardy,50.6996,-127.4199,44.6,76,75,9.22,CA,1/30/2021
153,Anuradhapura,8.3565,80.4173,68.7,97,21,4.54,LK,1/30/2021
154,Smidovich,48.6,133.8167,-5.08,87,81,3.51,RU,1/30/2021
155,Boueni,-12.9025,45.0761,78.8,89,0,2.3,YT,1/30/2021
156,Ilulissat,69.2167,-51.1,10.4,31,98,13.8,GL,1/30/2021
157,Panama City,8.9936,-79.5197,80.6,83,75,10.36,PA,1/30/2021
158,São João da Barra,-21.6403,-41.0511,76.12,93,100,7.92,BR,1/30/2021
159,Provideniya,64.3833,-173.3,8.33,92,100,8.93,RU,1/30/2021
160,Alofi,-19.0595,-169.9187,78.8,89,100,13.8,NU,1/30/2021
161,Lata,40.1629,-8.3327,51.01,98,100,5.01,PT,1/30/2021
162,Khorramshahr,30.4397,48.1664,66.2,77,75,4.61,IR,1/30/2021
163,Bull Savanna,17.8868,-77.5902,74.12,90,17,11.41,JM,1/30/2021
164,Bengkulu,-3.8004,102.2655,78.51,78,100,4.79,ID,1/30/2021
165,Yerbogachën,61.2767,108.0108,-8.07,91,96,3.06,RU,1/30/2021
166,Brăeşti,47.15,27.1,32,100,90,5.75,RO,1/30/2021
167,Cabo San Lucas,22.8909,-109.9124,77,53,20,11.5,MX,1/30/2021
168,Te Anau,-45.4167,167.7167,75.04,40,78,1.83,NZ,1/30/2021
169,El Dorado,38.7666,-120.5177,53.6,54,1,4.61,US,1/30/2021
170,Mahébourg,-20.4081,57.7,77,88,75,6.91,MU,1/30/2021
171,Beatrice,40.2681,-96.747,23,80,90,5.75,US,1/30/2021
172,Pismo Beach,35.1428,-120.6413,62.01,48,1,14.97,US,1/30/2021
173,Thompson,55.7435,-97.8558,-20.2,69,75,13.8,CA,1/30/2021
174,San Patricio,28.017,-97.5169,62.6,77,90,12.66,US,1/30/2021
175,Provost,52.3501,-110.2683,-13,77,100,11.5,CA,1/30/2021
176,Boende,-0.2167,20.8667,72.23,92,83,1.88,CD,1/30/2021
177,Kānkon,15.0167,74.0167,71.6,94,0,4.61,IN,1/30/2021
178,Ürümqi,43.801,87.6005,10.4,85,89,2.24,CN,1/30/2021
179,Acapulco de Juárez,16.8634,-99.8901,80.6,69,75,2.3,MX,1/30/2021
180,Dubovka,49.0583,44.829,23,68,75,24.61,RU,1/30/2021
181,Puerto Escondido,15.85,-97.0667,80.6,69,75,3.44,MX,1/30/2021
182,Revda,56.801,59.9303,35.6,93,40,11.18,RU,1/30/2021
183,Inhambane,-23.865,35.3833,77.9,87,90,6.71,MZ,1/30/2021
184,Smiltene,57.4244,25.9016,0,89,88,1.01,LV,1/30/2021
185,Narsaq,60.9167,-46.05,12.2,57,0,5.75,GL,1/30/2021
186,Erzin,36.9559,36.2,51.01,81,0,3,TR,1/30/2021
187,Mar del Plata,-38.0023,-57.5575,69.8,46,0,5.75,AR,1/30/2021
188,Coahuayana Viejo,18.7333,-103.6833,73.4,78,40,6.91,MX,1/30/2021
189,Baiyin,36.5583,104.2081,28,35,0,8.95,CN,1/30/2021
190,Sabang,5.8933,95.3214,81.3,77,3,16.89,ID,1/30/2021
191,Sitka,57.0531,-135.33,35.6,87,90,3.58,US,1/30/2021
192,Porto Velho,-8.7619,-63.9039,73.4,94,40,2.35,BR,1/30/2021
193,Hong Kong,22.2855,114.1577,66,82,0,4.76,HK,1/30/2021
194,Grindavik,63.8424,-22.4338,35.6,75,40,17.27,IS,1/30/2021
195,Nizhniy Ufaley,55.9153,59.9842,35.24,90,100,7.02,RU,1/30/2021
196,Touros,-5.1989,-35.4608,77,83,20,4.61,BR,1/30/2021
197,Tam Ky,15.5667,108.4833,68,94,75,1.14,VN,1/30/2021
198,Havre-St-Pierre,50.2334,-63.5986,32,86,90,11.5,CA,1/30/2021
199,Butaritari,3.0707,172.7902,81.39,80,93,17.76,KI,1/30/2021
200,Amazar,53.858,120.875,-11.02,84,100,3.71,RU,1/30/2021
201,Caravelas,-17.7125,-39.2481,80.24,79,100,14.29,BR,1/30/2021
202,Haines Junction,60.7522,-137.5108,-11.2,64,100,1.41,CA,1/30/2021
203,São Filipe,14.8961,-24.4956,70.16,74,17,13.38,CV,1/30/2021
204,Nemuro,43.3236,145.575,26.6,86,75,2.3,JP,1/30/2021
205,Northam,51.0333,-4.2167,37.99,94,11,5.01,GB,1/30/2021
206,Lensk,60.7253,114.9278,-15.92,86,99,1.39,RU,1/30/2021
207,Cherskiy,68.75,161.3,-14.53,77,30,0.98,RU,1/30/2021
208,Vila,42.0304,-8.1588,44.01,91,100,8.5,PT,1/30/2021
209,Lerwick,60.1545,-1.1494,33.8,64,90,23.02,GB,1/30/2021
210,Dekar,-21.5333,21.9333,68.32,94,100,10.96,BW,1/30/2021
211,Bosobolo,4.1833,19.9,72.48,69,13,0.58,CD,1/30/2021
212,Nome,64.5011,-165.4064,15.8,86,90,24.16,US,1/30/2021
213,Torbay,47.6666,-52.7314,36,100,90,25.32,CA,1/30/2021
214,Benghazi,32.1167,20.0667,60.69,66,0,7.78,LY,1/30/2021
215,Sibolga,1.7427,98.7792,77.85,77,0,3.56,ID,1/30/2021
216,Goma,-1.6792,29.2228,64.35,79,100,3.4,CD,1/30/2021
217,Ranong,9.9658,98.6348,78.8,83,20,4.61,TH,1/30/2021
218,Sol'vychegodsk,61.3305,46.9156,-7.11,89,100,9.31,RU,1/30/2021
219,Russell,32.3502,-85.1999,50,43,90,3.44,US,1/30/2021
220,Bilma,18.6853,12.9164,61.41,30,0,7.85,NE,1/30/2021
221,Eureka,40.8021,-124.1637,54,89,37,10,US,1/30/2021
222,Ishigaki,24.3448,124.1572,69.8,78,20,1.14,JP,1/30/2021
223,Sobolevo,54.4299,31.8996,-0.2,93,50,8.23,RU,1/30/2021
224,Taoudenni,22.6783,-3.9836,72.72,25,100,9.37,ML,1/30/2021
225,Hwange,-18.3693,26.5019,69.19,92,96,1.59,ZW,1/30/2021
226,Tres Picos,15.8667,-93.5333,73.06,67,28,1.48,MX,1/30/2021
227,Saquarema,-22.92,-42.5103,73.4,94,90,6.91,BR,1/30/2021
228,Fagernes,60.9858,9.2324,-2,81,100,2.73,NO,1/30/2021
229,Bilibino,68.0546,166.4372,-8.79,78,100,3.67,RU,1/30/2021
230,Seoul,37.5683,126.9778,42.8,81,75,5.75,KR,1/30/2021
231,Isiro,2.7739,27.616,65.14,96,100,0.38,CD,1/30/2021
232,La Asuncion,11.0333,-63.8628,76.86,81,70,16.17,VE,1/30/2021
233,Malé,4.1748,73.5089,80.6,78,75,5.75,MV,1/30/2021
234,Lobva,59.1854,60.5185,36.36,96,100,9.42,RU,1/30/2021
235,Shimoda,34.6667,138.95,55.4,41,75,13.8,JP,1/30/2021
236,Yulara,-25.2406,130.9889,75.2,27,0,16.11,AU,1/30/2021
237,Broken Hill,-31.95,141.4333,71.6,49,0,18.41,AU,1/30/2021
238,Taicheng,38.731,113.228,31.01,79,0,4.74,CN,1/30/2021
239,Hearst,49.6835,-83.6665,5,85,100,12.66,CA,1/30/2021
240,Roslavl',53.9528,32.8639,2.75,94,82,7.2,RU,1/30/2021
241,Barrow,71.2906,-156.7887,-11.2,77,20,8.05,US,1/30/2021
242,Longyearbyen,78.2186,15.6401,28.4,69,75,16.11,SJ,1/30/2021
243,Mahon,39.8885,4.2658,62.6,67,40,14.97,ES,1/30/2021
244,Tasiilaq,65.6145,-37.6368,26.6,74,75,21.85,GL,1/30/2021
245,Irituia,-1.7711,-47.4381,74.14,83,0,4.74,BR,1/30/2021
246,Kavaratti,10.5669,72.642,80.53,75,93,13.24,IN,1/30/2021
247,Biak,-0.9131,122.8766,80.01,72,100,2.57,ID,1/30/2021
248,Pangai,-19.8,-174.35,82.4,89,75,6.91,TO,1/30/2021
249,Chui,-33.6971,-53.4616,60.42,85,0,6.76,UY,1/30/2021
250,Olafsvik,64.8945,-23.7142,37.22,78,99,22.26,IS,1/30/2021
251,Coolum Beach,-26.5333,153.1,82.99,71,54,3,AU,1/30/2021
252,San Quintín,30.4833,-115.95,59.5,75,0,13.09,MX,1/30/2021
253,Santa Maria,-29.6842,-53.8069,68,77,0,2.3,BR,1/30/2021
254,Arman',59.7,150.1667,-3.91,83,95,11.45,RU,1/30/2021
255,Lavrentiya,65.5833,-171,3.65,93,100,13.38,RU,1/30/2021
256,Deori,21.45,82.6167,55.76,39,0,1.25,IN,1/30/2021
257,Bethel,41.3712,-73.414,36,93,1,9.15,US,1/30/2021
258,Bud,39.447,-86.1758,30,73,67,8.81,US,1/30/2021
259,Korla,41.7597,86.1469,24.94,83,86,2.01,CN,1/30/2021
260,Praia,14.9215,-23.5087,68,68,40,18.41,CV,1/30/2021
261,Pierre,44.3683,-100.351,15.8,57,1,11.5,US,1/30/2021
262,Arrondissement de Cholet,47.1667,-1,46.99,95,100,1.9,FR,1/30/2021
263,Ruteng,-8.6136,120.4721,67.57,98,90,2.82,ID,1/30/2021
264,Hamilton,39.1834,-84.5333,35.01,55,1,8.05,US,1/30/2021
265,Valleyview,55.0667,-117.2859,-11.2,77,100,6.91,CA,1/30/2021
266,Aiken,33.5835,-81.5998,50,46,1,4.61,US,1/30/2021
267,Fasa,28.9383,53.6482,37.4,48,0,2.77,IR,1/30/2021
268,Tuatapere,-46.1333,167.6833,68.2,64,29,6.62,NZ,1/30/2021
269,Kavieng,-2.5744,150.7967,83.3,72,73,4.05,PG,1/30/2021
270,Khatanga,71.9667,102.5,-34.22,78,4,7.09,RU,1/30/2021
271,Shingū,33.7333,135.9833,50,71,75,3.44,JP,1/30/2021
272,Salinas,36.6777,-121.6555,57.99,62,1,9.22,US,1/30/2021
273,Severo-Kuril'sk,50.6789,156.125,16.38,81,71,6.38,RU,1/30/2021
274,Killin,33.6123,-91.7412,39.2,70,1,3.85,US,1/30/2021
275,Porto Santo,33.072,-16.3415,57.2,67,40,17.27,PT,1/30/2021
276,Thessalon,46.2501,-83.5666,17.6,79,90,8.05,CA,1/30/2021
277,Raja,8.4596,25.678,63.52,28,27,6.38,SS,1/30/2021
278,Grand-Lahou,5.1367,-5.0242,79.23,91,100,7.9,CI,1/30/2021
279,Bodden Town,19.2833,-81.25,78.8,83,40,9.22,KY,1/30/2021
280,Loandjili,-4.7561,11.8578,78.8,94,20,2.3,CG,1/30/2021
281,Ugoofaaru,5.6667,73,81.25,76,100,10.92,MV,1/30/2021
282,Jumla,29.2747,82.1838,24.71,83,100,5.26,NP,1/30/2021
283,São Miguel do Araguaia,-13.275,-50.1628,75.13,90,100,3.27,BR,1/30/2021
284,Port Blair,11.6667,92.75,79.18,75,0,8.16,IN,1/30/2021
285,Makkah al Mukarramah,21.4267,39.8261,62.38,64,0,4.76,SA,1/30/2021
286,Ilebo,-4.3167,20.5833,71.1,96,100,1.1,CD,1/30/2021
287,Kidal,18.4411,1.4078,70.32,20,100,11.34,ML,1/30/2021
288,Bani Walid,31.7566,13.9942,60.37,32,0,9.69,LY,1/30/2021
289,Quibor,9.9287,-69.6201,72.43,73,100,7.14,VE,1/30/2021
290,Camocim,-2.9022,-40.8411,77.97,84,2,13.82,BR,1/30/2021
291,Half Moon Bay,37.4636,-122.4286,60.01,82,1,8.05,US,1/30/2021
292,Murray Bridge,-35.1167,139.2667,66.99,82,0,8.01,AU,1/30/2021
293,Port Lincoln,-34.7333,135.8667,65.64,73,100,15.82,AU,1/30/2021
294,Santa Gertrudis,19.7333,-99.3667,77,31,1,12.66,MX,1/30/2021
295,Umeå,63.8284,20.2597,12.2,92,0,9.22,SE,1/30/2021
296,Sai Buri,6.7013,101.6168,75.2,88,20,4.61,TH,1/30/2021
297,Bredasdorp,-34.5322,20.0403,60.8,94,0,1.14,ZA,1/30/2021
298,Inongo,-1.95,18.2667,74.84,82,91,4.9,CD,1/30/2021
299,Bulgan,48.8125,103.5347,-1.73,89,26,1.72,MN,1/30/2021
300,Boyolangu,-8.1181,111.8935,79.63,81,40,6.89,ID,1/30/2021
301,Khovu-Aksy,51.1333,93.6,9.61,90,100,3.09,RU,1/30/2021
302,Pelym,61.0108,61.9978,2.05,93,100,8.9,RU,1/30/2021
303,Olds,51.7834,-114.102,-2.2,100,88,6.91,CA,1/30/2021
304,Pacific Grove,36.6177,-121.9166,57.99,76,1,8.1,US,1/30/2021
305,Kaihua,23.3687,104.28,56.26,83,74,6.64,CN,1/30/2021
306,Vila Franca do Campo,37.7167,-25.4333,57.99,94,75,9.22,PT,1/30/2021
307,Chapais,49.7834,-74.8492,23,86,90,16.11,CA,1/30/2021
308,Shibata,37.95,139.3333,41,75,40,11.5,JP,1/30/2021
309,Meulaboh,4.1363,96.1285,77.2,86,34,3.8,ID,1/30/2021
310,Tabou,4.423,-7.3528,78.62,91,69,6.55,CI,1/30/2021
311,Hauterive,46.0901,3.4459,39.2,100,90,3.44,FR,1/30/2021
312,Comodoro Rivadavia,-45.8667,-67.5,59,67,0,12.66,AR,1/30/2021
313,Hambantota,6.1241,81.1185,73.4,100,75,3.44,LK,1/30/2021
314,Libenge,3.65,18.6333,73.15,57,47,1.48,CD,1/30/2021
315,Isangel,-19.55,169.2667,86,70,20,3.44,VU,1/30/2021
316,Taksimo,56.3444,114.8794,-8.72,79,96,3.09,RU,1/30/2021
317,Traralgon,-38.1833,146.5333,71.01,65,100,1.99,AU,1/30/2021
318,Saint-Joseph,-21.3667,55.6167,78.8,65,0,6.91,RE,1/30/2021
319,North Bend,43.4065,-124.2243,51.01,93,75,9.22,US,1/30/2021
320,Yichang,30.7144,111.2847,52,66,0,1.79,CN,1/30/2021
321,Pestyaki,56.7103,42.6717,-0.89,92,100,10.13,RU,1/30/2021
322,Pringsewu,-5.3582,104.9744,76.68,86,70,6.15,ID,1/30/2021
323,Iberia,29.9502,-91.7507,50,87,90,6.91,US,1/30/2021
324,Bambanglipuro,-7.95,110.2833,80.76,77,19,5.12,ID,1/30/2021
325,Alugan,12.2188,125.4808,80.98,82,3,10.78,PH,1/30/2021
326,Pisco,-13.7,-76.2167,71.6,83,0,10.36,PE,1/30/2021
327,Darnah,32.767,22.6367,59.18,61,88,3.2,LY,1/30/2021
328,Aykhal,66,111.5,-34.71,81,23,3.89,RU,1/30/2021
329,Los Llanos de Aridane,28.6585,-17.9182,62.6,51,0,17.27,ES,1/30/2021
330,Labuhan,-6.8844,112.2051,81.19,80,99,11.1,ID,1/30/2021
331,Severnyy,50.677,36.5532,14,85,75,11.18,RU,1/30/2021
332,Kloulklubed,7.0419,134.2556,77,94,90,14.16,PW,1/30/2021
333,Klaksvík,62.2266,-6.589,32,100,40,10.36,FO,1/30/2021
334,Nizwá,22.9333,57.5333,52.11,70,0,0.87,OM,1/30/2021
335,Manggar,-2.8833,108.2667,81.84,78,47,13.02,ID,1/30/2021
336,Balsas,-7.5325,-46.0356,75.97,87,100,4.25,BR,1/30/2021
337,Oga,46.4631,10.347,48.99,100,75,11.5,IT,1/30/2021
338,Kathu,7.9178,98.3332,78.8,78,20,12.66,TH,1/30/2021
339,Vardø,70.3705,31.1107,28.35,89,99,23.91,NO,1/30/2021
340,Sørland,67.667,12.6934,34.81,84,100,24.87,NO,1/30/2021
341,Ojinaga,29.5667,-104.4167,69.8,17,1,2.8,MX,1/30/2021
342,Kapuskasing,49.4169,-82.4331,19.4,86,100,26.46,CA,1/30/2021
343,Larsnes,62.2028,5.5773,27,63,20,6.91,NO,1/30/2021
344,Peterhead,57.5058,-1.7981,35.6,93,90,16.11,GB,1/30/2021
345,Shakawe,-18.3667,21.85,68.97,93,100,2.26,BW,1/30/2021
346,Manaure,11.7751,-72.4445,79.5,66,96,15.5,CO,1/30/2021
347,Xining,36.6167,101.7667,21.6,57,99,2.08,CN,1/30/2021
348,Hay River,60.8156,-115.7999,-23.8,69,100,4.61,CA,1/30/2021
349,Nishihara,26.1842,127.7558,71.6,43,20,5.75,JP,1/30/2021
350,Salalah,17.0151,54.0924,69.8,68,20,3.44,OM,1/30/2021
351,Yar-Sale,66.8333,70.8333,-18.44,88,100,10.76,RU,1/30/2021
352,Gladstone,-23.85,151.25,84.2,54,40,8.05,AU,1/30/2021
353,Blackfalds,52.3834,-113.7853,-7.6,84,90,4.61,CA,1/30/2021
354,Kumul,42.8,93.45,27.3,85,0,5.01,CN,1/30/2021
355,Piaçabuçu,-10.4056,-36.4344,78.89,78,29,15.19,BR,1/30/2021
356,Careiro da Várzea,-3.2003,-59.8119,82.4,78,40,2.3,BR,1/30/2021
357,Nara,34.6851,135.8049,55,61,20,1.14,JP,1/30/2021
358,Bell Ville,-32.6259,-62.6887,68,89,0,1.01,AR,1/30/2021
359,Coari,-4.085,-63.1414,76.77,93,98,1.66,BR,1/30/2021
360,Alizai,33.5383,70.3462,42.01,62,0,1.23,PK,1/30/2021
361,Luangwa,-15.6167,30.4167,73.24,93,100,1.97,ZM,1/30/2021
362,Mogok,22.9167,96.5,56.97,59,0,2.62,MM,1/30/2021
363,Manokwari,-0.8667,134.0833,82.36,73,83,6.71,ID,1/30/2021
364,Yankton,42.8711,-97.3973,15.8,67,1,9.22,US,1/30/2021
365,Kaduna,10.5222,7.4383,72.18,22,0,11.14,NG,1/30/2021
366,Ostrovnoy,68.0531,39.5131,15.35,92,100,10.29,RU,1/30/2021
367,Visnes,59.3556,5.2242,23,73,1,5.75,NO,1/30/2021
368,Hatillo,18.4863,-66.8254,75,83,1,12.53,PR,1/30/2021
369,Begichevskiy,53.7961,38.255,3.63,94,100,11.99,RU,1/30/2021
370,Davenda,53.5556,119.317,-12.44,83,3,3.06,RU,1/30/2021
371,Calabozo,8.9242,-67.4293,85.37,43,100,6.24,VE,1/30/2021
372,George Town,5.4112,100.3354,81,83,20,5.06,MY,1/30/2021
373,Trat,12.5,102.5,81,54,76,3.76,TH,1/30/2021
374,Fukuechō,32.6881,128.8419,50,100,40,1.14,JP,1/30/2021
375,Kang,-23.6752,22.7876,66.29,93,91,5.84,BW,1/30/2021
376,Portland,45.5234,-122.6762,52,85,75,5.53,US,1/30/2021
377,Helong,42.5397,128.9972,27.54,91,98,3.98,CN,1/30/2021
378,Kikwit,-5.041,18.8162,74.07,90,100,0.31,CD,1/30/2021
379,Mount Darwin,-16.7725,31.5838,67.48,96,41,3.31,ZW,1/30/2021
380,Huoqiu,32.3394,116.2694,50.38,60,16,6.26,CN,1/30/2021
381,Tual,-5.6667,132.75,83.89,78,100,17.58,ID,1/30/2021
382,Preston,53.7667,-2.7167,44.01,87,100,7,GB,1/30/2021
383,Saldanha,-33.0117,17.9442,62.6,82,0,10.36,ZA,1/30/2021
384,Cabedelo,-6.9811,-34.8339,78.8,83,20,4.61,BR,1/30/2021
385,Naco,31.3347,-109.9483,55,18,0,5.99,MX,1/30/2021
386,Dehlorān,32.6941,47.2679,62.38,52,100,12.53,IR,1/30/2021
387,Arcoverde,-8.4189,-37.0539,72.39,67,10,9.4,BR,1/30/2021
388,Ucluelet,48.9329,-125.5528,48.2,76,20,16.11,CA,1/30/2021
389,Florø,61.5996,5.0328,24.8,54,0,3.44,NO,1/30/2021
390,Destin,30.3935,-86.4958,54,58,90,9.22,US,1/30/2021
391,Freeport,40.6576,-73.5832,39.99,81,1,11.88,US,1/30/2021
392,Harper,4.375,-7.7169,79.14,89,0,8.39,LR,1/30/2021
393,Aklavik,68.2191,-135.0107,-32.8,68,20,4.61,CA,1/30/2021
394,Makali,8.6333,-11.6667,68.97,79,0,0.92,SL,1/30/2021
395,Kuching,1.55,110.3333,77,94,40,0.58,MY,1/30/2021
396,Savé,8.0425,2.486,79.63,79,89,6.71,BJ,1/30/2021
397,Winslow,35.0242,-110.6974,53.6,20,1,7.4,US,1/30/2021
398,Upernavik,72.7868,-56.1549,4.53,71,100,6.06,GL,1/30/2021
399,Ambanja,-13.6833,48.45,74.59,89,100,3.62,MG,1/30/2021
400,Umluj,25.0213,37.2685,67.26,58,0,6.42,SA,1/30/2021
401,Bockenem,52.0099,10.132,36,95,100,9.44,DE,1/30/2021
402,Lázaro Cárdenas,17.9583,-102.2,75.65,75,0,3.44,MX,1/30/2021
403,Filingué,14.3521,3.3168,73.06,20,0,11.9,NE,1/30/2021
404,Inírida,3.8653,-67.9239,76.68,93,100,1.99,CO,1/30/2021
405,Okhotsk,59.3833,143.3,3.24,89,100,6.42,RU,1/30/2021
406,Charter Township of Clinton,42.587,-82.9199,19,67,40,12.66,US,1/30/2021
407,Balabac,7.9868,117.0645,81.46,78,100,8.97,PH,1/30/2021
408,Mana,5.6592,-53.7767,77.31,85,98,13.02,GF,1/30/2021
409,São Sebastião,-23.76,-45.4097,73.53,83,37,1.54,BR,1/30/2021
410,Coquimbo,-29.9533,-71.3436,60.8,88,75,6.91,CL,1/30/2021
411,Yongzhou,26.4559,111.5988,54.09,71,0,1.72,CN,1/30/2021
412,Kaya,13.0917,-1.0844,75.45,19,0,8.41,BF,1/30/2021
413,Kununurra,-15.7667,128.7333,84.2,89,40,5.75,AU,1/30/2021
414,Cedrales,-25.65,-54.7,68,77,0,3.44,PY,1/30/2021
415,Kushmurun,52.4503,64.6311,34.5,97,100,14.52,KZ,1/30/2021
416,Agbor,6.2518,6.1934,78.93,84,47,5.84,NG,1/30/2021
417,Chilca,-12.5211,-76.7372,75.99,83,0,11.5,PE,1/30/2021
418,Svay Rieng,11.0879,105.7993,76.71,71,80,3.85,KH,1/30/2021
419,Ulaangom,49.9811,92.0667,-5.53,87,100,0.89,MN,1/30/2021
420,Christchurch,-43.5333,172.6333,66.2,55,75,17.27,NZ,1/30/2021
421,Tiznit Province,29.5833,-9.5,50.79,74,100,6.24,MA,1/30/2021
422,Bahía Blanca,-38.7196,-62.2724,85.03,15,0,7.7,AR,1/30/2021
423,São Gabriel da Cachoeira,-0.1303,-67.0892,74.52,98,100,2.17,BR,1/30/2021
424,Diamantino,-14.4086,-56.4461,75.76,85,100,2.73,BR,1/30/2021
425,Seabra,-12.4186,-41.7703,72.1,73,100,1.68,BR,1/30/2021
426,Homer,59.6425,-151.5483,26.01,93,90,5.75,US,1/30/2021
427,Flinders,-34.5833,150.8552,70,92,100,14,AU,1/30/2021
428,Buala,-8.145,159.5921,86.5,65,3,10.56,SB,1/30/2021
429,Matonga,-2.3833,34.0833,65.08,75,85,1.3,TZ,1/30/2021
430,Juneau,58.3019,-134.4197,30,86,90,4.61,US,1/30/2021
431,Beringovskiy,63.05,179.3167,-3.62,88,100,7.96,RU,1/30/2021
432,Black Forest,39.0131,-104.7008,34,32,40,5.75,US,1/30/2021
433,Amboasary,-25.0333,46.3833,78.8,89,20,2.21,MG,1/30/2021
434,Burnie,-41.0667,145.9167,61,85,0,5.01,AU,1/30/2021
435,Yeppoon,-23.1333,150.7333,87.8,48,40,5.75,AU,1/30/2021
436,Rundu,-17.9333,19.7667,69.55,87,100,2.04,NA,1/30/2021
437,Hokitika,-42.7167,170.9667,65.43,70,100,6.17,NZ,1/30/2021
438,Miechów,50.3565,20.0279,27,86,75,12.66,PL,1/30/2021
439,Kalyazin,57.2403,37.8433,1.87,93,100,10.76,RU,1/30/2021
440,Morón,-34.6534,-58.6198,73,72,0,1.99,AR,1/30/2021
441,Departamento de Maldonado,-34.6667,-54.9167,64.99,77,20,4.61,UY,1/30/2021
442,Walvis Bay,-22.9575,14.5053,64,94,5,5.75,NA,1/30/2021
443,Cambrils,41.0748,1.0524,59,62,0,8.05,ES,1/30/2021
444,Wum,6.3833,10.0667,66.97,26,0,3.74,CM,1/30/2021
445,Odienné,9.51,-7.5692,75.04,21,89,1.83,CI,1/30/2021
446,Uspenka,48.3903,39.1619,22.68,86,58,15.03,UA,1/30/2021
447,Paamiut,61.994,-49.6678,21.29,77,0,5.88,GL,1/30/2021
448,Kaitangata,-46.2817,169.8464,62.01,71,91,8.01,NZ,1/30/2021
449,San Cristobal,7.7669,-72.225,67.69,83,100,1.9,VE,1/30/2021
450,Kostelec nad Labem,50.2265,14.5855,37.99,93,90,5.75,CZ,1/30/2021
451,Austin,30.2672,-97.7431,53.6,58,20,5.75,US,1/30/2021
452,Immokalee,26.4187,-81.4173,66.99,82,40,3.44,US,1/30/2021
453,Kyra,49.5776,111.9753,-6.54,82,0,4.92,RU,1/30/2021
454,Hofn,64.2539,-15.2082,37.42,78,100,16.26,IS,1/30/2021
455,Sola,-13.8833,167.55,81.52,79,34,11.95,VU,1/30/2021
456,Dingle,10.9995,122.6711,80.94,80,81,12.19,PH,1/30/2021
457,Klyuchi,52.2667,79.1667,29.1,98,100,6.38,RU,1/30/2021
458,Iqaluit,63.7506,-68.5145,23,86,75,24.16,CA,1/30/2021
459,Sambava,-14.2667,50.1667,74.89,90,100,6.29,MG,1/30/2021
460,Birao,10.2849,22.7882,69.15,23,51,13.62,CF,1/30/2021
461,Misratah,32.3754,15.0925,63.64,45,37,12.64,LY,1/30/2021
462,Mackay,-21.15,149.2,84.99,69,90,5.75,AU,1/30/2021
463,Tateyama,34.9833,139.8667,55.4,41,75,13.8,JP,1/30/2021
464,Hobyo,5.3505,48.5268,75.54,74,27,15.03,SO,1/30/2021
465,Henties Bay,-22.116,14.2845,64,90,35,1.01,NA,1/30/2021
466,Abhā,18.2164,42.5053,53.6,66,0,11.5,SA,1/30/2021
467,Labytnangi,66.6572,66.4183,-17.77,86,87,13.49,RU,1/30/2021
468,Broome,42.2506,-75.833,30.2,59,90,14.97,US,1/30/2021
469,Bairiki Village,1.3292,172.9752,86,70,75,6.91,KI,1/30/2021
470,Esmeraldas,-19.7625,-44.3139,69.8,94,75,4.61,BR,1/30/2021
471,Gōtsuchō,35,132.2167,46.4,66,20,9.22,JP,1/30/2021
472,Curvelo,-18.7564,-44.4308,74.43,82,100,3.49,BR,1/30/2021
473,Chenzhou,25.8,113.0333,57.85,70,23,0.94,CN,1/30/2021
474,Sal Rei,16.1833,-22.9167,68,73,40,14.97,CV,1/30/2021
475,Tura,25.5198,90.2201,58.77,51,0,2.35,IN,1/30/2021
476,Mayumba,-3.432,10.6554,78.44,83,99,2.84,GA,1/30/2021
477,Carutapera,-1.195,-46.02,77.5,81,11,7.09,BR,1/30/2021
478,Merauke,-8.4667,140.3333,85.12,73,100,17.45,ID,1/30/2021
479,Srednekolymsk,67.45,153.6833,-20.6,84,0,3.06,RU,1/30/2021
480,Dudinka,69.4058,86.1778,-30.19,84,100,4.54,RU,1/30/2021
481,Galesburg,40.9478,-90.3712,12.99,73,1,6.91,US,1/30/2021
482,Nantucket,41.2835,-70.0995,42.01,100,90,8.05,US,1/30/2021
483,Hoima,1.4356,31.3436,72.64,52,100,1.61,UG,1/30/2021
484,Staroshcherbinovskaya,46.6311,38.6742,28.09,85,44,12.37,RU,1/30/2021
485,Cockburn Town,21.4612,-71.1419,77.13,84,0,20.09,TC,1/30/2021
486,Faya,18.3851,42.4509,53.6,66,0,11.5,SA,1/30/2021
487,Samaná,19.2056,-69.3369,75.38,86,0,7.14,DO,1/30/2021
488,Magole,-6.3667,37.3667,73.4,94,40,1.68,TZ,1/30/2021
489,San Ramon,37.7799,-121.978,64.4,36,1,9.22,US,1/30/2021
490,Betafo,-19.8333,46.85,62.87,88,95,1.9,MG,1/30/2021
491,Dumbrăveşti,45.0833,26,35.6,100,40,5.75,RO,1/30/2021
492,Mandera,3.9366,41.867,73.22,74,0,10.8,KE,1/30/2021
493,San Rafael,-34.6177,-68.3301,79.41,27,0,6.58,AR,1/30/2021
494,Tuljāpur,18,76.0833,62.62,42,11,6.29,IN,1/30/2021
495,Kiryat Gat,31.61,34.7642,57.99,100,13,0.89,IL,1/30/2021
496,Alyangula,-13.8483,136.4192,78.8,94,90,17.27,AU,1/30/2021
497,Barbosa Ferraz,-24.03,-52.0117,71.6,68,0,6.91,BR,1/30/2021
498,Carros,43.7894,7.184,53.01,82,0,9.22,FR,1/30/2021
499,Gonder,12.6,37.4667,49.59,48,99,3.87,ET,1/30/2021
500,Yatou,37.15,122.3833,44.42,61,0,9.64,CN,1/30/2021
501,Fort Walton Beach,30.4058,-86.6188,54,58,90,4.61,US,1/30/2021
502,Oyem,1.5995,11.5793,69.4,92,83,3.36,GA,1/30/2021
503,Margate,51.3813,1.3862,45,92,0,1.01,GB,1/30/2021
504,Pervomayskiy,53.2485,40.2871,10,74,100,11.01,RU,1/30/2021
505,Fairbanks,64.8378,-147.7164,-2.2,65,90,2.73,US,1/30/2021
506,Centerville,39.6284,-84.1594,32,64,75,5.75,US,1/30/2021
507,Lüderitz,-26.6481,15.1594,70.23,51,0,21.12,NA,1/30/2021
508,Severobaykal'sk,55.65,109.3167,-1.88,83,100,3.13,RU,1/30/2021
509,Yumen,40.2833,97.2,29.52,70,100,15.26,CN,1/30/2021
510,Ciudad Bolivar,8.1222,-63.5497,80.83,65,100,16.51,VE,1/30/2021
511,Bouillante,16.1304,-61.7692,75.2,73,0,6.91,GP,1/30/2021
512,Carauari,-4.8828,-66.8958,73.49,98,100,3.49,BR,1/30/2021
513,Al Bardīyah,31.7561,25.0865,57.83,87,0,8.97,LY,1/30/2021
514,Mount Isa,-20.7333,139.5,86,51,73,9.22,AU,1/30/2021
515,Balkanabat,39.5108,54.3671,50.38,76,100,15.66,TM,1/30/2021
516,Nizhniy Odes,63.6445,54.856,-8.34,90,100,11.99,RU,1/30/2021
517,Isla Mujeres,21.2311,-86.731,79,78,40,6.91,MX,1/30/2021
518,Mizdah,31.4451,12.9801,55.6,38,60,6.06,LY,1/30/2021
519,Barra de Tecoanapa,16.5167,-98.75,78.31,71,4,4.45,MX,1/30/2021
520,Garoowe,8.4054,48.4845,60.58,94,21,7.94,SO,1/30/2021
521,Ariano Irpino,41.1489,15.0833,53.01,39,100,4.34,IT,1/30/2021
522,Uglovskoye,51.3557,80.1942,23.81,97,90,8.23,RU,1/30/2021
523,Songea,-10.6833,35.65,68,94,20,0.85,TZ,1/30/2021
524,Ust-Kuyga,70.0167,135.6,-35.32,80,90,3.31,RU,1/30/2021
525,Socuéllamos,39.2858,-2.7921,46,94,100,7.87,ES,1/30/2021
526,Marabu,4.4148,114.0089,78.8,100,40,4.61,MY,1/30/2021
527,Hongjiang,27.11,109.9956,48.81,81,100,0.98,CN,1/30/2021
528,Gizo Government Station,-8.103,156.8419,84.38,73,50,12.06,SB,1/30/2021
529,Curup,-3.4667,102.5333,71.26,87,88,3.69,ID,1/30/2021
530,Zyryanka,65.75,150.85,-20.72,85,0,3.74,RU,1/30/2021
531,Vestmanna,62.1564,-7.1664,32,100,40,10.36,FO,1/30/2021
532,Omsukchan,62.5333,155.8,-15.93,85,100,2.35,RU,1/30/2021
533,Kushima,31.4583,131.2333,48.2,93,75,8.05,JP,1/30/2021
534,Rocha,-34.4833,-54.3333,58.53,87,0,5.55,UY,1/30/2021
535,Saint-Chamond,45.4737,4.5254,53.6,62,0,5.75,FR,1/30/2021
536,Jieshi,22.8134,115.8257,64.99,76,0,4.83,CN,1/30/2021
537,Anito,12.4497,125.2886,81.23,80,5,8.88,PH,1/30/2021
538,Savannah Bight,16.45,-85.85,82.4,74,1,3.44,HN,1/30/2021
539,Verāval,20.9,70.3667,67.93,33,0,18.66,IN,1/30/2021
540,Haimen,23.1935,116.6142,59,94,0,2.24,CN,1/30/2021
541,Ziarat,30.3823,67.7282,31.86,58,0,3.4,PK,1/30/2021
542,Padang,-0.9492,100.3543,77,88,20,2.3,ID,1/30/2021
543,Pokhara,28.2333,83.9833,47.44,48,0,7.11,NP,1/30/2021
544,High Prairie,55.4334,-116.4858,-11.2,77,100,6.91,CA,1/30/2021
545,Linxia Chengguanzhen,35.6003,103.2064,28.58,69,100,1.79,CN,1/30/2021
546,Vengerovo,55.6848,76.7471,28.69,99,100,9.04,RU,1/30/2021
547,Bima,-8.4667,118.7167,76.96,88,100,2.28,ID,1/30/2021
548,Boa Vista,2.8197,-60.6733,80.6,69,0,11.5,BR,1/30/2021
549,Balakhninskiy,58.0106,114.2769,-4.49,87,100,1.63,RU,1/30/2021
550,Humaitá,-7.5061,-63.0208,75.45,96,100,1.97,BR,1/30/2021
551,Mingshui,36.7167,117.5,51.01,39,0,1.01,CN,1/30/2021
552,Tamandaré,-8.7597,-35.1047,78.15,81,6,7.36,BR,1/30/2021
553,Øksfjord,70.2396,22.3479,28,68,75,10.36,NO,1/30/2021
554,Flin Flon,54.7682,-101.865,-18.4,69,1,13.8,CA,1/30/2021
555,Leh,34.1667,77.5833,0.99,60,0,2.53,IN,1/30/2021
556,Dunedin,-45.8742,170.5036,61,73,34,28.01,NZ,1/30/2021
557,Xixiang,35.1628,112.865,50.9,39,0,5.35,CN,1/30/2021
558,Pimentel,-6.8367,-79.9342,71.6,78,90,16.11,PE,1/30/2021
559,Laguna,38.421,-121.4238,62.6,39,1,6.91,US,1/30/2021
560,Mosquera,4.7059,-74.2302,55.4,76,40,6.91,CO,1/30/2021
561,Grand-Santi,4.25,-54.3833,72.79,96,72,2.77,GF,1/30/2021
562,Bakchar,57.0186,82.0711,9,96,90,5.75,RU,1/30/2021
563,Delfzijl,53.33,6.9181,35.01,97,100,8.01,NL,1/30/2021
564,Bangassou,4.7413,22.8184,67.62,46,3,1.16,CF,1/30/2021
565,Waddān,29.1614,16.139,59.49,35,98,6.55,LY,1/30/2021
566,High Level,58.5169,-117.136,-16.6,69,1,5.75,CA,1/30/2021
567,Soubre,5.7856,-6.6083,76.1,90,0,4.5,CI,1/30/2021
568,Westport,41.1415,-73.3579,37.99,87,1,6.91,US,1/30/2021
569,Amapá,1,-52,73.26,97,100,3.49,BR,1/30/2021
570,Naryan-Mar,67.6713,53.087,-11.09,90,33,9.51,RU,1/30/2021
571,Santa Isabel Rio Negro,-0.4139,-65.0192,76.5,94,100,0.85,BR,1/30/2021
572,Mount Gambier,-37.8333,140.7667,64.4,68,40,13.8,AU,1/30/2021
573,Petropavlovsk-Kamchatskiy,53.0452,158.6483,5,61,75,11.18,RU,1/30/2021
574,Ust-Tsilma,65.441,52.1498,-14.96,87,98,8.77,RU,1/30/2021
575,Heishan,41.6892,122.1128,26.29,87,73,9.95,CN,1/30/2021
576,Kirakira,-10.4544,161.9205,83.91,76,100,11.03,SB,1/30/2021
577,Naze,28.3667,129.4833,69.8,64,20,16.11,JP,1/30/2021
578,Cascais,38.6979,-9.4215,55,93,40,11.5,PT,1/30/2021
579,Buchanan,5.8808,-10.0467,77,94,20,6.6,LR,1/30/2021
580,Ballina,-28.8667,153.5667,81,69,75,6.91,AU,1/30/2021
581,Olavarría,-36.8927,-60.3225,71.24,30,0,5.46,AR,1/30/2021
582,Marawi,7.9986,124.2928,79,79,0,4,PH,1/30/2021
583,Pacifica,37.6138,-122.4869,57.2,62,1,18.41,US,1/30/2021
584,Oriximiná,-1.7656,-55.8661,82.72,66,87,3.58,BR,1/30/2021
585,Manzhouli,49.6,117.4333,-5.44,89,8,8.01,CN,1/30/2021
586,Colesberg,-30.72,25.0972,67.08,76,0,8.97,ZA,1/30/2021
587,Ierapetra,35.01,25.7353,55.99,86,0,3.02,GR,1/30/2021
588,Totskoye,52.5248,52.7623,34.18,97,100,6.78,RU,1/30/2021
589,Pimenta Bueno,-11.6725,-61.1936,76.17,92,100,0.34,BR,1/30/2021
590,Tangjiazhuang,39.7333,118.45,40.71,61,0,7.43,CN,1/30/2021
591,Mesiméri,40.412,23.0059,55,87,75,4.61,GR,1/30/2021
592,Matagami,49.7502,-77.6328,28.4,86,90,21.85,CA,1/30/2021
593,Coyhaique,-45.5752,-72.0662,73.4,46,0,2.3,CL,1/30/2021
594,Campbell River,50.0163,-125.2446,48.2,61,40,6.91,CA,1/30/2021
595,Biloela,-24.4167,150.5,87.31,42,100,2.75,AU,1/30/2021
596,Diré,12.2833,-10.9667,73.13,20,1,1.34,ML,1/30/2021
597,Huiloapan,18.75,-97.3167,58.77,47,0,3.49,MX,1/30/2021
598,Colombo,6.9319,79.8478,73.4,88,0,6.91,LK,1/30/2021
599,Bhuj,23.2667,69.6667,57.34,57,0,5.61,IN,1/30/2021
600,Uvat,59.1433,68.8953,33.87,96,100,8.66,RU,1/30/2021
601,Aspindza,41.5739,43.2483,29.84,90,24,3.06,GE,1/30/2021
602,Cururupu,-1.8283,-44.8683,75,86,3,3.98,BR,1/30/2021
603,Yuanping,38.7153,112.7575,33.33,74,0,1.97,CN,1/30/2021
604,Yining,29.0361,114.5636,50.23,84,90,1.36,CN,1/30/2021
605,Khorixas,-20.3667,14.9667,72.73,53,2,3.56,NA,1/30/2021
606,Rovaniemi,66.5,25.7167,15.8,92,90,9.22,FI,1/30/2021
607,Sugod,12.987,124.0805,80.06,83,67,10.07,PH,1/30/2021
608,Whitianga,-36.8333,175.7,69.03,53,100,10.98,NZ,1/30/2021
609,Lokosovo,61.1333,74.8167,15.46,97,100,8.01,RU,1/30/2021
610,Acarigua,9.5545,-69.1956,79.27,68,100,7.58,VE,1/30/2021
611,Dicabisagan,17.0818,122.4157,76.55,80,57,5.53,PH,1/30/2021
612,Puerto del Rosario,28.5004,-13.8627,55.4,76,0,10.36,ES,1/30/2021
613,Balkhash,46.844,74.9804,19.47,97,28,7.25,KZ,1/30/2021
614,Khovd,48.0056,91.6419,9.63,89,36,0.89,MN,1/30/2021
615,Kaoma,-14.7833,24.8,65.46,96,100,2.33,ZM,1/30/2021
616,Guiratinga,-16.3494,-53.7583,73.54,90,100,2.24,BR,1/30/2021
617,Diffa,13.3154,12.6113,63.97,39,0,11.65,NE,1/30/2021
618,Andenes,69.3143,16.1194,32,80,100,28.77,NO,1/30/2021
619,Guiren,33.6697,118.1889,49.39,62,0,12.28,CN,1/30/2021
620,Ust-Nera,64.5667,143.2,-12.19,81,100,3.91,RU,1/30/2021
621,Batagay,67.6333,134.6333,-32.21,82,100,1.97,RU,1/30/2021
622,Katherine,-14.4667,132.2667,77,94,90,4.61,AU,1/30/2021
623,Ulaanbaatar,47.9077,106.8832,-7.6,77,0,2.24,MN,1/30/2021
624,Emerald,-23.5333,148.1667,88,54,40,8.05,AU,1/30/2021
625,Tyukhtet,56.5389,89.3011,8.35,91,95,6.44,RU,1/30/2021
626,Moroni,-11.7022,43.2551,80.78,71,61,0.81,KM,1/30/2021
627,Szczytno,53.5626,20.9875,8.6,92,40,1.14,PL,1/30/2021
628,Kovdor,67.5662,30.4758,11.34,96,100,4.94,RU,1/30/2021
629,Sechura,-5.5569,-80.8222,77.81,62,94,16.4,PE,1/30/2021
630,Tabory,58.5198,64.5495,35.04,96,100,11.32,RU,1/30/2021
631,Turukhansk,65.8167,87.9833,-26.3,86,100,6.93,RU,1/30/2021
632,Kenderes,47.25,20.6833,39.2,100,90,6.91,HU,1/30/2021
633,Payo,-3.7508,103.6372,75.65,93,100,3.94,ID,1/30/2021
634,Qaqortoq,60.7167,-46.0333,12.2,57,0,5.75,GL,1/30/2021
635,Abu Dhabi,24.4667,54.3667,69.8,46,0,11.5,AE,1/30/2021
636,Coxim,-18.5067,-54.76,75.87,76,96,3.69,BR,1/30/2021
637,Taltal,-25.4,-70.4833,63.82,79,30,2.08,CL,1/30/2021
638,Lamu,-2.2717,40.902,76.03,89,33,9.24,KE,1/30/2021
639,Ketchikan,55.3422,-131.6461,37.4,87,90,3.44,US,1/30/2021
640,Lovozero,68.005,35.0117,10.65,95,100,4.07,RU,1/30/2021
641,Neyshabur,36.2133,58.7958,47.23,45,42,3.2,IR,1/30/2021
642,Lufilufi,-13.8745,-171.5986,75.2,94,90,13.8,WS,1/30/2021
643,Airai,-8.9266,125.4092,67.15,96,100,5.1,TL,1/30/2021
644,Bako,5.7833,36.5667,68.04,48,0,3.31,ET,1/30/2021
645,Jasper,37.2001,-94.3502,45,45,1,3.44,US,1/30/2021
646,Itarema,-2.9248,-39.9167,78.01,83,28,11.63,BR,1/30/2021
647,Mokhsogollokh,61.4681,128.9203,-36.45,80,100,3.24,RU,1/30/2021
648,Passira,-7.995,-35.5806,73.54,83,10,4.61,BR,1/30/2021
649,Fountain Hills,33.6117,-111.7174,66,19,1,5.75,US,1/30/2021
650,Shenjiamen,29.9576,122.298,49.17,86,34,7.09,CN,1/30/2021
651,Gualaquiza,-3.4,-78.55,65.57,89,100,1.54,EC,1/30/2021
652,Zaysan,47.4667,84.8667,18.39,91,100,0.51,KZ,1/30/2021
653,Antofagasta,-23.65,-70.4,66.2,77,90,10.36,CL,1/30/2021
654,Aguada de Pasajeros,22.385,-80.8508,78.8,65,0,6.91,CU,1/30/2021
655,Chabahar,25.2919,60.643,65.82,63,0,4.85,IR,1/30/2021
656,Quatre Cocos,-20.2078,57.7625,77,88,75,6.91,MU,1/30/2021
657,Graaff-Reinet,-32.2522,24.5308,63,91,32,2.82,ZA,1/30/2021
658,Katsuura,35.1333,140.3,52,49,20,3.44,JP,1/30/2021
659,Banda Aceh,5.5577,95.3222,78.64,79,3,10.18,ID,1/30/2021
660,Avera,33.194,-82.5271,51.8,40,1,5.75,US,1/30/2021
661,Bousso,10.4795,16.7117,70.74,21,1,7.27,TD,1/30/2021
662,Odlābāri,26.8333,88.6167,59.29,54,13,5.44,IN,1/30/2021
663,Orlik,52.5178,99.825,-10.14,80,98,1.74,RU,1/30/2021
664,Manta,-0.95,-80.7333,78.8,83,75,6.91,EC,1/30/2021
665,Bonthe,7.5264,-12.505,77.41,81,1,8.03,SL,1/30/2021
666,Qasigiannguit,68.8193,-51.1922,10.4,31,100,13.8,GL,1/30/2021
667,Tongren,27.7172,109.1853,49.57,85,97,0.6,CN,1/30/2021
668,Gazli,40.1333,63.45,50.68,44,96,14.9,UZ,1/30/2021
669,Lloydminster,53.2835,-110.0016,-14.8,64,40,12.66,CA,1/30/2021
670,Chadiza,-14.0678,32.4392,65.16,97,100,2.19,ZM,1/30/2021
671,Byron Bay,-28.65,153.6167,80.6,69,75,6.91,AU,1/30/2021
672,Kamaishi,39.2667,141.8833,33.8,93,75,6.91,JP,1/30/2021
673,Saint-Augustin,51.226,-58.6502,29.61,97,98,12.66,CA,1/30/2021
674,Novouzensk,50.4592,48.1431,21.43,96,100,23.78,RU,1/30/2021
675,Altay,47.8667,88.1167,16,83,77,2.73,CN,1/30/2021
676,Cascavel,-24.9558,-53.4553,60.01,84,0,5.82,BR,1/30/2021
677,Sur,22.5667,59.5289,63.28,61,0,6.38,OM,1/30/2021
678,Isabela,6.7085,121.9711,80.6,78,75,3.44,PH,1/30/2021
679,Panabá,21.2833,-88.2667,73.65,74,0,11.72,MX,1/30/2021
680,Preobrazheniye,42.9019,133.9064,30.63,88,13,1.88,RU,1/30/2021
681,Lamar,33.6668,-95.5836,46.4,42,20,5.75,US,1/30/2021
682,Tautira,-17.7333,-149.15,86,62,75,10.36,PF,1/30/2021
683,Tena,-0.9833,-77.8167,71.06,81,100,2.42,EC,1/30/2021
684,Son La,21.3167,103.9,60.46,86,67,2.77,VN,1/30/2021
685,Howard Springs,-12.497,131.047,86,79,40,13.8,AU,1/30/2021
686,Souillac,-20.5167,57.5167,77,88,75,6.91,MU,1/30/2021
687,Vao,-22.6667,167.4833,78.6,83,0,9.37,NC,1/30/2021
688,Tandaltī,13.0167,31.8667,58.03,36,0,11.9,SD,1/30/2021
689,Sittwe,20.15,92.9,60.93,63,0,5.19,MM,1/30/2021
690,Moerdijk,51.7034,4.6259,44.01,92,100,1.01,NL,1/30/2021
691,Kamenka,51.3223,42.7678,15.01,84,100,15.01,RU,1/30/2021
692,Bollnäs,61.3482,16.3946,6.01,97,3,5.86,SE,1/30/2021
693,Callaguip,18.0714,120.4867,75.2,78,20,2.3,PH,1/30/2021
694,Sarangani,5.4033,125.4636,82,74,100,16.33,PH,1/30/2021
695,Jizan,17.3333,42.6667,77,78,40,4.61,SA,1/30/2021
696,Cairns,-16.9167,145.7667,86,79,75,4.61,AU,1/30/2021
697,Verkhoyansk,67.5447,133.385,-30.46,81,100,1.68,RU,1/30/2021
698,Koshurnikovo,54.1667,93.3,3.65,94,100,3.47,RU,1/30/2021
699,Usogorsk,63.4106,48.6872,-9.78,88,100,10.22,RU,1/30/2021
700,Belaya Gora,68.5333,146.4167,-15.88,89,100,4.79,RU,1/30/2021
701,Lorengau,-2.0226,147.2712,85.68,65,85,1.79,PG,1/30/2021
702,Magna,40.7091,-112.1016,35.01,93,75,8.77,US,1/30/2021
703,Gouyave,12.1646,-61.7296,78.8,73,20,13.8,GD,1/30/2021
704,Dovbysh,50.3733,27.9874,18.86,93,100,3.62,UA,1/30/2021
705,Teyateyaneng,-29.1472,27.7489,59.05,88,0,2.64,LS,1/30/2021
706,Ambulu,-8.345,113.6058,80.51,77,4,1.7,ID,1/30/2021
707,Greeneville,36.1632,-82.831,37.4,52,1,5.75,US,1/30/2021
708,Yangi Marg`ilon,40.4272,71.7189,37.4,48,100,4.61,UZ,1/30/2021
709,Ossora,59.2353,163.0719,6.03,93,100,7.05,RU,1/30/2021
710,Santa Fe,-31.6333,-60.7,75.99,60,0,3.6,AR,1/30/2021
711,Chimoio,-19.1164,33.4833,68.77,100,100,1.9,MZ,1/30/2021
712,Chok Chai,14.7284,102.1652,73.99,100,0,3.44,TH,1/30/2021
713,Gori,41.9842,44.1158,40.06,74,62,19.91,GE,1/30/2021
714,Zharkent,44.1628,80,29.86,81,100,0.96,KZ,1/30/2021
715,Smithers,54.7804,-127.1743,30.2,80,90,9.22,CA,1/30/2021
716,Sikasso,10.9167,-7,75.99,19,100,1.32,ML,1/30/2021
717,Kailua,21.4022,-157.7394,75.2,60,75,11.5,US,1/30/2021
718,Victor Harbor,-35.5667,138.6167,66.99,82,69,8.01,AU,1/30/2021
719,Shirokiy,49.758,129.523,-14.12,89,100,5.64,RU,1/30/2021
720,Grandview,38.8858,-94.533,32,59,1,11.5,US,1/30/2021
721,Kāndla,23.0333,70.2167,63.43,41,0,10.54,IN,1/30/2021
722,Ponta Delgada,37.7333,-25.6667,57.99,94,75,9.22,PT,1/30/2021
723,Iwanai,42.9744,140.5089,34.59,90,100,7.14,JP,1/30/2021
724,Port Pirie,-33.1833,138.0167,73.4,53,90,14.97,AU,1/30/2021
725,Ongandjera,-17.8833,15.0667,78.66,42,100,8.9,NA,1/30/2021
726,Ol'ga,43.7444,135.2892,25.72,88,100,5.41,RU,1/30/2021
727,Thunder Bay,48.4001,-89.3168,1,71,90,11.5,CA,1/30/2021
728,Farafangana,-22.8167,47.8333,77.81,86,100,10.13,MG,1/30/2021
729,Zhanakorgan,43.9098,67.2495,39.94,69,1,18.41,KZ,1/30/2021
730,Tarko-Sale,64.9225,77.785,-11.13,90,100,13.69,RU,1/30/2021
731,Nānākuli,21.3906,-158.1547,77,47,1,17.27,US,1/30/2021
732,Coyaima,3.7994,-75.1947,81.09,59,90,0.74,CO,1/30/2021
733,Bintulu,3.1667,113.0333,77,100,20,1.14,MY,1/30/2021
734,Matara,5.9485,80.5353,73.67,90,94,4.54,LK,1/30/2021
735,Obo,5.3998,26.4869,73.02,21,57,8.57,CF,1/30/2021
736,Kalāleh,37.3807,55.4916,55.4,54,0,9.22,IR,1/30/2021
737,Wamba,8.9333,8.6,74.39,23,0,3,NG,1/30/2021
738,Basco,20.4487,121.9702,73.15,77,100,15.7,PH,1/30/2021
739,Mwinilunga,-11.7358,24.4293,64.49,94,100,1.79,ZM,1/30/2021
740,Faranah,10.0404,-10.7434,75.7,36,1,6.67,GN,1/30/2021
741,Goderich,43.7501,-81.7165,21.2,63,100,28.77,CA,1/30/2021
742,Corinth,37.9407,22.9573,52,93,20,3.44,GR,1/30/2021
743,Ouésso,1.6136,16.0517,74.19,74,7,1.5,CG,1/30/2021
744,Poyarkovo,49.6,128.6833,-11.97,87,55,4.29,RU,1/30/2021
745,Phalaborwa,-23.943,31.1411,73.4,94,100,4.61,ZA,1/30/2021
746,Aswān,24.0934,32.907,56.93,55,0,9.98,EG,1/30/2021
747,Mayahi,13.9553,7.6712,66.92,23,0,12.44,NE,1/30/2021
748,Ahipara,-35.1667,173.1667,69.66,69,100,2.98,NZ,1/30/2021
749,Novoagansk,61.9449,76.6625,11.66,96,100,9.19,RU,1/30/2021
750,Salinópolis,-0.6136,-47.3561,79.66,80,85,12.12,BR,1/30/2021
751,Sam Chuk,14.7576,100.0899,81,52,74,1.01,TH,1/30/2021
752,Manicoré,-5.8092,-61.3003,76.28,95,100,1.3,BR,1/30/2021
753,Gisborne,-38.6533,178.0042,64,83,97,7,NZ,1/30/2021
754,Novovasylivka,46.8315,35.7536,28.2,89,84,5.3,UA,1/30/2021
755,Jinka,5.65,36.65,66.81,49,2,2.82,ET,1/30/2021
756,San Andrés,12.5847,-81.7006,80.6,83,20,6.91,CO,1/30/2021
757,Galesong,-5.3166,119.3661,80.6,89,20,1.14,ID,1/30/2021
758,Coria,39.9879,-6.5377,39,10,96,3.15,ES,1/30/2021
759,Biltine,14.5333,20.9167,62.26,27,0,17.4,TD,1/30/2021
760,Adré,13.4667,22.2,58.24,32,0,23,TD,1/30/2021
761,Deputatsky,69.3,139.9,-23.33,88,100,1.19,RU,1/30/2021
762,Thap Than,15.4606,99.8917,75.99,73,42,1.59,TH,1/30/2021
763,Havøysund,70.9963,24.6622,28.4,80,75,12.66,NO,1/30/2021
764,Ligayan,4.6533,119.4706,79.92,83,100,10.87,PH,1/30/2021
765,Rognan,67.0953,15.3878,19.99,91,98,2.3,NO,1/30/2021
766,Baruun-Urt,46.6806,113.2792,-1.61,86,0,4.65,MN,1/30/2021
767,Clarence Town,-32.5833,151.7833,79,73,90,9.22,AU,1/30/2021
768,Shaunavon,49.6501,-108.4181,-4,71,100,19.57,CA,1/30/2021
769,Khandagayty,50.7333,92.05,3.25,90,100,0.89,RU,1/30/2021
770,Honiara,-9.4333,159.95,84.02,75,18,8.63,SB,1/30/2021
771,Fengzhen,40.4394,113.1536,23.59,87,0,2.91,CN,1/30/2021
772,Mersing,2.4312,103.8405,78.8,83,40,8.05,MY,1/30/2021
773,Arês,-6.1944,-35.1603,78.8,78,20,5.75,BR,1/30/2021
774,Pitimbu,-7.4706,-34.8086,78.8,83,20,4.61,BR,1/30/2021
775,Chuguyevka,44.1653,133.8633,17.24,93,99,2.75,RU,1/30/2021
776,Jiwani,25.05,61.7417,65.21,60,0,1.66,PK,1/30/2021
777,Mēga,4.05,38.3,57.38,55,0,4.83,ET,1/30/2021
778,Sioux Lookout,50.1001,-91.917,-2.2,71,90,18.41,CA,1/30/2021
779,Oistins,13.0667,-59.5333,78.8,61,20,21.85,BB,1/30/2021
780,Viedma,-40.8135,-62.9967,68,82,0,1.01,AR,1/30/2021
781,Tra Vinh,9.9347,106.3453,77.67,73,100,9.57,VN,1/30/2021
782,Wewak,-3.5534,143.6268,82.54,72,98,0.92,PG,1/30/2021
783,Ormara,25.2088,64.6357,65.21,56,0,4.27,PK,1/30/2021
784,Havelock,34.8791,-76.9013,53.6,100,40,10.36,US,1/30/2021
785,Ambilobe,-13.2,49.05,73.6,92,99,2.35,MG,1/30/2021
786,Sistranda,63.7256,8.834,21.2,86,20,17.27,NO,1/30/2021
787,Silvânia,-16.6589,-48.6081,75.2,88,40,1.14,BR,1/30/2021
788,Monforte de Lemos,42.5216,-7.5142,39,96,100,7.36,ES,1/30/2021
789,Skopelos Town,39.1247,23.7247,55.99,49,5,5.88,GR,1/30/2021
790,Talcahuano,-36.7167,-73.1167,60.8,82,90,4.61,CL,1/30/2021
791,Kozhva,65.1073,57.0459,-14.4,89,100,11.18,RU,1/30/2021
792,Bad Bramstedt,53.9167,9.8833,30.99,77,99,5.01,DE,1/30/2021
793,Atherton,53.5237,-2.4935,44.01,85,100,1.99,GB,1/30/2021
794,Abu Samrah,35.3029,37.1841,47.75,88,0,4.45,SY,1/30/2021
795,Egvekinot,66.3167,-179.1667,-9.45,93,100,15.68,RU,1/30/2021
796,Bushenyi,-0.5853,30.2114,62.49,90,92,2.13,UG,1/30/2021
797,Marolambo,-20.05,48.1167,69.4,92,94,1.45,MG,1/30/2021
798,Aleksandrov Gay,50.147,48.5704,22.98,97,100,23.85,RU,1/30/2021
799,Hirara,24.8,125.2833,69.8,68,20,2.3,JP,1/30/2021
800,San Juan,-31.5375,-68.5364,83.46,26,0,9.78,AR,1/30/2021
801,Norden,53.6,7.2,32,84,100,8.01,DE,1/30/2021
802,Belomorsk,64.5232,34.7668,1.45,92,48,8.79,RU,1/30/2021
803,Līsakovsk,52.5369,62.4936,34.03,96,100,17.47,KZ,1/30/2021
804,Vostok,46.4856,135.8833,6.31,93,100,3.42,RU,1/30/2021
805,Marzuq,14.4,46.4667,54.37,34,0,4.52,YE,1/30/2021
806,Boyuibe,-20.4167,-63.2833,69.1,65,22,5.3,BO,1/30/2021
807,Altstätten,47.3777,9.5475,46,100,100,2.3,CH,1/30/2021
808,Atambua,-9.1061,124.8925,77.2,87,98,6.89,ID,1/30/2021
809,Olinda,-8.0089,-34.8553,78.8,73,75,6.91,BR,1/30/2021
810,Nouadhibou,20.931,-17.0347,62.6,77,40,6.91,MR,1/30/2021
811,Tsumeb,-19.2333,17.7167,73.8,59,99,7.54,NA,1/30/2021
812,Waingapu,-9.6567,120.2641,82.69,73,100,12.82,ID,1/30/2021
